{
    "Model Type": "roberta",
    "Task": "trainOnSubset",
    "Training Data": "bloomz",
    "Data Type": "abstract",
    "New Line": "without",
    "Log Folder Name": "roberta_trainOnSubset_eval_50",
    "Title": "roberta Finetune on bloomz with 50% Data and cross-model Evaluation",
    "percentage": 0.5,
    "log_path": "results/report/roberta/roberta_trainOnSubset_eval_50//",
    "Train input path": "data/without_n_preprocessed/arxiv_bloomz_train.jsonl",
    "Test input path": "data/without_n_preprocessed/arxiv_bloomz_test.jsonl",
    "Validation input path": "data/without_n_preprocessed/arxiv_bloomz_val.jsonl",
    "Human text column name": "abstract",
    "Machine text column name": "machine_abstract",
    "Validation results": {
        "eval_loss": 0.06884979456663132,
        "eval_accuracy": 0.9895833333333334,
        "eval_precision": 0.9815573770491803,
        "eval_recall": 0.9979166666666667,
        "eval_f1": 0.9896694214876033,
        "eval_sensitivity": 0.9979166666666667,
        "eval_specificity": 0.98125,
        "eval_runtime": 33.8142,
        "eval_samples_per_second": 28.39,
        "eval_steps_per_second": 3.549,
        "epoch": 3.0
    },
    "Test results": {
        "test_loss": 0.10327081382274628,
        "test_accuracy": 0.9833333333333333,
        "test_precision": 0.9833333333333333,
        "test_recall": 0.9833333333333333,
        "test_f1": 0.9833333333333333,
        "test_sensitivity": 0.9833333333333333,
        "test_specificity": 0.9833333333333333,
        "test_runtime": 41.7472,
        "test_samples_per_second": 28.744,
        "test_steps_per_second": 3.593
    },
    "Evaluation for chatgpt_abstract_without": {
        "test_loss": 0.061146896332502365,
        "test_model_preparation_time": 0.0034,
        "test_accuracy": 0.9916666666666667,
        "test_precision": 0.9836065573770492,
        "test_recall": 1.0,
        "test_f1": 0.9917355371900827,
        "test_sensitivity": 1.0,
        "test_specificity": 0.9833333333333333,
        "test_runtime": 42.2175,
        "test_samples_per_second": 28.424,
        "test_steps_per_second": 1.777
    },
    "Evaluation for bloomz_abstract_without": {
        "test_loss": 0.10327082127332687,
        "test_model_preparation_time": 0.0034,
        "test_accuracy": 0.9833333333333333,
        "test_precision": 0.9833333333333333,
        "test_recall": 0.9833333333333333,
        "test_f1": 0.9833333333333333,
        "test_sensitivity": 0.9833333333333333,
        "test_specificity": 0.9833333333333333,
        "test_runtime": 42.3615,
        "test_samples_per_second": 28.328,
        "test_steps_per_second": 1.77
    },
    "Evaluation for llama3_abstract_without": {
        "test_loss": 0.017085252329707146,
        "test_model_preparation_time": 0.0033,
        "test_accuracy": 0.9966666666666667,
        "test_precision": 0.9966666666666667,
        "test_recall": 0.9966666666666667,
        "test_f1": 0.9966666666666667,
        "test_sensitivity": 0.9966666666666667,
        "test_specificity": 0.9966666666666667,
        "test_runtime": 41.4497,
        "test_samples_per_second": 28.951,
        "test_steps_per_second": 1.809
    },
    "Evaluation for cohere_abstract_without": {
        "test_loss": 0.11513765901327133,
        "test_model_preparation_time": 0.0034,
        "test_accuracy": 0.9833333333333333,
        "test_precision": 0.9833333333333333,
        "test_recall": 0.9833333333333333,
        "test_f1": 0.9833333333333333,
        "test_sensitivity": 0.9833333333333333,
        "test_specificity": 0.9833333333333333,
        "test_runtime": 42.1448,
        "test_samples_per_second": 28.473,
        "test_steps_per_second": 1.78
    },
    "Evaluation for davinci_abstract_without": {
        "test_loss": 0.3243620991706848,
        "test_model_preparation_time": 0.0033,
        "test_accuracy": 0.955,
        "test_precision": 0.989247311827957,
        "test_recall": 0.92,
        "test_f1": 0.9533678756476685,
        "test_sensitivity": 0.92,
        "test_specificity": 0.99,
        "test_runtime": 41.5449,
        "test_samples_per_second": 28.884,
        "test_steps_per_second": 1.805
    },
    "Evaluation for flant5_abstract_without": {
        "test_loss": 0.2545747756958008,
        "test_model_preparation_time": 0.0033,
        "test_accuracy": 0.9508333333333333,
        "test_precision": 0.982174688057041,
        "test_recall": 0.9183333333333333,
        "test_f1": 0.9491817398794145,
        "test_sensitivity": 0.9183333333333333,
        "test_specificity": 0.9833333333333333,
        "test_runtime": 41.9954,
        "test_samples_per_second": 28.575,
        "test_steps_per_second": 1.786
    },
    "Evaluation for llama3_ml_without": {
        "test_loss": 4.074739933013916,
        "test_model_preparation_time": 0.0034,
        "test_accuracy": 0.5183333333333333,
        "test_precision": 0.5096830985915493,
        "test_recall": 0.965,
        "test_f1": 0.6670506912442395,
        "test_sensitivity": 0.965,
        "test_specificity": 0.07166666666666667,
        "test_runtime": 41.2359,
        "test_samples_per_second": 29.101,
        "test_steps_per_second": 1.819
    },
    "Evaluation for bloomz_wiki_without": {
        "test_loss": 3.1993396282196045,
        "test_model_preparation_time": 0.0034,
        "test_accuracy": 0.5483333333333333,
        "test_precision": 0.5274102079395085,
        "test_recall": 0.93,
        "test_f1": 0.6731001206272618,
        "test_sensitivity": 0.93,
        "test_specificity": 0.16666666666666666,
        "test_runtime": 42.2717,
        "test_samples_per_second": 28.388,
        "test_steps_per_second": 1.774
    },
    "Evaluation for chatgpt_wiki_without": {
        "test_loss": 3.5440711975097656,
        "test_model_preparation_time": 0.0033,
        "test_accuracy": 0.5525876460767947,
        "test_precision": 0.528099910793934,
        "test_recall": 0.988313856427379,
        "test_f1": 0.6883720930232557,
        "test_sensitivity": 0.988313856427379,
        "test_specificity": 0.11686143572621036,
        "test_runtime": 42.5558,
        "test_samples_per_second": 28.151,
        "test_steps_per_second": 1.762
    },
    "Evaluation for cohere_wiki_without": {
        "test_loss": 3.6206908226013184,
        "test_model_preparation_time": 0.0033,
        "test_accuracy": 0.5448717948717948,
        "test_precision": 0.523972602739726,
        "test_recall": 0.9807692307692307,
        "test_f1": 0.6830357142857143,
        "test_sensitivity": 0.9807692307692307,
        "test_specificity": 0.10897435897435898,
        "test_runtime": 32.4995,
        "test_samples_per_second": 28.8,
        "test_steps_per_second": 1.815
    },
    "Evaluation for davinci_wiki_without": {
        "test_loss": 3.7665140628814697,
        "test_model_preparation_time": 0.0034,
        "test_accuracy": 0.5333333333333333,
        "test_precision": 0.5181488203266787,
        "test_recall": 0.9516666666666667,
        "test_f1": 0.6709753231492362,
        "test_sensitivity": 0.9516666666666667,
        "test_specificity": 0.115,
        "test_runtime": 42.3949,
        "test_samples_per_second": 28.305,
        "test_steps_per_second": 1.769
    }
}