{
    "Model Type": "bloomz",
    "Task": "trainOnSubset",
    "Training Data": "cohere",
    "Data Type": "abstract",
    "New Line": "without",
    "Log Folder Name": "bloomz_trainOnSubset_eval_100",
    "Title": "bloomz Finetune on cohere with 100% Data and cross-model Evaluation",
    "percentage": 1.0,
    "train": true,
    "log_path": "results/report/bloomz/bloomz_trainOnSubset_eval_100//",
    "Train input path": "data/without_n_preprocessed/arxiv_cohere_train.jsonl",
    "Test input path": "data/without_n_preprocessed/arxiv_cohere_test.jsonl",
    "Validation input path": "data/without_n_preprocessed/arxiv_cohere_validation.jsonl",
    "Human text column name": "human_text",
    "Machine text column name": "machine_text",
    "Validation results": {
        "eval_loss": 0.14136356115341187,
        "eval_accuracy": 0.9833333333333333,
        "eval_precision": 0.9734693877551021,
        "eval_recall": 0.99375,
        "eval_f1": 0.9835051546391752,
        "eval_sensitivity": 0.99375,
        "eval_specificity": 0.9729166666666667,
        "eval_runtime": 13.2236,
        "eval_samples_per_second": 72.597,
        "eval_steps_per_second": 9.075,
        "epoch": 3.0
    },
    "Test results": {
        "test_loss": 0.08723308891057968,
        "test_accuracy": 0.9908333333333333,
        "test_precision": 0.988391376451078,
        "test_recall": 0.9933333333333333,
        "test_f1": 0.9908561928512053,
        "test_sensitivity": 0.9933333333333333,
        "test_specificity": 0.9883333333333333,
        "test_runtime": 16.4726,
        "test_samples_per_second": 72.848,
        "test_steps_per_second": 9.106
    },
    "Evaluation for chatgpt_abstract_without": {
        "test_loss": 0.1654788702726364,
        "test_model_preparation_time": 0.0046,
        "test_accuracy": 0.9783333333333334,
        "test_precision": 0.9880952380952381,
        "test_recall": 0.9683333333333334,
        "test_f1": 0.9781144781144783,
        "test_sensitivity": 0.9683333333333334,
        "test_specificity": 0.9883333333333333,
        "test_runtime": 15.1601,
        "test_samples_per_second": 79.155,
        "test_steps_per_second": 4.947
    },
    "Evaluation for bloomz_abstract_without": {
        "test_loss": 5.184361457824707,
        "test_model_preparation_time": 0.0044,
        "test_accuracy": 0.6433333333333333,
        "test_precision": 0.9623655913978495,
        "test_recall": 0.29833333333333334,
        "test_f1": 0.455470737913486,
        "test_sensitivity": 0.29833333333333334,
        "test_specificity": 0.9883333333333333,
        "test_runtime": 15.0586,
        "test_samples_per_second": 79.688,
        "test_steps_per_second": 4.981
    },
    "Evaluation for llama3_abstract_without": {
        "test_loss": 0.13894405961036682,
        "test_model_preparation_time": 0.0044,
        "test_accuracy": 0.98,
        "test_precision": 0.9660194174757282,
        "test_recall": 0.995,
        "test_f1": 0.9802955665024631,
        "test_sensitivity": 0.995,
        "test_specificity": 0.965,
        "test_runtime": 15.0195,
        "test_samples_per_second": 79.896,
        "test_steps_per_second": 4.994
    },
    "Evaluation for cohere_abstract_without": {
        "test_loss": 0.08723307400941849,
        "test_model_preparation_time": 0.0044,
        "test_accuracy": 0.9908333333333333,
        "test_precision": 0.988391376451078,
        "test_recall": 0.9933333333333333,
        "test_f1": 0.9908561928512053,
        "test_sensitivity": 0.9933333333333333,
        "test_specificity": 0.9883333333333333,
        "test_runtime": 15.0673,
        "test_samples_per_second": 79.643,
        "test_steps_per_second": 4.978
    },
    "Evaluation for davinci_abstract_without": {
        "test_loss": 4.040019989013672,
        "test_model_preparation_time": 0.0044,
        "test_accuracy": 0.6833333333333333,
        "test_precision": 0.9782608695652174,
        "test_recall": 0.375,
        "test_f1": 0.5421686746987953,
        "test_sensitivity": 0.375,
        "test_specificity": 0.9916666666666667,
        "test_runtime": 15.0139,
        "test_samples_per_second": 79.926,
        "test_steps_per_second": 4.995
    },
    "Evaluation for flant5_abstract_without": {
        "test_loss": 0.1434931457042694,
        "test_model_preparation_time": 0.0045,
        "test_accuracy": 0.9825,
        "test_precision": 0.9881956155143339,
        "test_recall": 0.9766666666666667,
        "test_f1": 0.9823973176865047,
        "test_sensitivity": 0.9766666666666667,
        "test_specificity": 0.9883333333333333,
        "test_runtime": 15.0272,
        "test_samples_per_second": 79.855,
        "test_steps_per_second": 4.991
    },
    "Evaluation for llama3_ml_without": {
        "test_loss": 3.408703565597534,
        "test_model_preparation_time": 0.0045,
        "test_accuracy": 0.585,
        "test_precision": 0.6123348017621145,
        "test_recall": 0.4633333333333333,
        "test_f1": 0.5275142314990513,
        "test_sensitivity": 0.4633333333333333,
        "test_specificity": 0.7066666666666667,
        "test_runtime": 15.0101,
        "test_samples_per_second": 79.946,
        "test_steps_per_second": 4.997
    },
    "Evaluation for bloomz_wiki_without": {
        "test_loss": 4.009285926818848,
        "test_model_preparation_time": 0.0043,
        "test_accuracy": 0.625,
        "test_precision": 0.7272727272727273,
        "test_recall": 0.4,
        "test_f1": 0.5161290322580645,
        "test_sensitivity": 0.4,
        "test_specificity": 0.85,
        "test_runtime": 15.0527,
        "test_samples_per_second": 79.72,
        "test_steps_per_second": 4.982
    },
    "Evaluation for chatgpt_wiki_without": {
        "test_loss": 1.743299961090088,
        "test_model_preparation_time": 0.0043,
        "test_accuracy": 0.8155258764607679,
        "test_precision": 0.8825910931174089,
        "test_recall": 0.7278797996661102,
        "test_f1": 0.7978042086001831,
        "test_sensitivity": 0.7278797996661102,
        "test_specificity": 0.9031719532554258,
        "test_runtime": 15.0028,
        "test_samples_per_second": 79.852,
        "test_steps_per_second": 4.999
    },
    "Evaluation for cohere_wiki_without": {
        "test_loss": 0.9171561598777771,
        "test_model_preparation_time": 0.0044,
        "test_accuracy": 0.8963675213675214,
        "test_precision": 0.9149888143176734,
        "test_recall": 0.8739316239316239,
        "test_f1": 0.8939890710382514,
        "test_sensitivity": 0.8739316239316239,
        "test_specificity": 0.9188034188034188,
        "test_runtime": 11.7316,
        "test_samples_per_second": 79.785,
        "test_steps_per_second": 5.029
    },
    "Evaluation for davinci_wiki_without": {
        "test_loss": 3.150310754776001,
        "test_model_preparation_time": 0.0043,
        "test_accuracy": 0.6941666666666667,
        "test_precision": 0.8319088319088319,
        "test_recall": 0.4866666666666667,
        "test_f1": 0.6140904311251314,
        "test_sensitivity": 0.4866666666666667,
        "test_specificity": 0.9016666666666666,
        "test_runtime": 15.0133,
        "test_samples_per_second": 79.929,
        "test_steps_per_second": 4.996
    }
}