{
    "Model Type": "bloomz",
    "Task": "trainOnSubset",
    "Training Data": "cohere",
    "Data Type": "abstract",
    "New Line": "without",
    "Log Folder Name": "bloomz_trainOnSubset_eval_8",
    "Title": "bloomz Finetune on cohere with 8% Data and cross-model Evaluation",
    "percentage": 0.08,
    "train": true,
    "log_path": "results/report/bloomz/bloomz_trainOnSubset_eval_8//",
    "Train input path": "data/without_n_preprocessed/arxiv_cohere_train.jsonl",
    "Test input path": "data/without_n_preprocessed/arxiv_cohere_test.jsonl",
    "Validation input path": "data/without_n_preprocessed/arxiv_cohere_validation.jsonl",
    "Human text column name": "human_text",
    "Machine text column name": "machine_text",
    "Validation results": {
        "eval_loss": 0.27882152795791626,
        "eval_accuracy": 0.9354166666666667,
        "eval_precision": 0.9583333333333334,
        "eval_recall": 0.9104166666666667,
        "eval_f1": 0.9337606837606838,
        "eval_sensitivity": 0.9104166666666667,
        "eval_specificity": 0.9604166666666667,
        "eval_runtime": 13.3903,
        "eval_samples_per_second": 71.694,
        "eval_steps_per_second": 8.962,
        "epoch": 3.0
    },
    "Test results": {
        "test_loss": 0.2739564776420593,
        "test_accuracy": 0.9366666666666666,
        "test_precision": 0.9596491228070175,
        "test_recall": 0.9116666666666666,
        "test_f1": 0.935042735042735,
        "test_sensitivity": 0.9116666666666666,
        "test_specificity": 0.9616666666666667,
        "test_runtime": 16.7005,
        "test_samples_per_second": 71.854,
        "test_steps_per_second": 8.982
    },
    "Evaluation for chatgpt_abstract_without": {
        "test_loss": 0.08018716424703598,
        "test_model_preparation_time": 0.0045,
        "test_accuracy": 0.9791666666666666,
        "test_precision": 0.9629629629629629,
        "test_recall": 0.9966666666666667,
        "test_f1": 0.9795249795249795,
        "test_sensitivity": 0.9966666666666667,
        "test_specificity": 0.9616666666666667,
        "test_runtime": 15.2005,
        "test_samples_per_second": 78.945,
        "test_steps_per_second": 4.934
    },
    "Evaluation for bloomz_abstract_without": {
        "test_loss": 2.9641313552856445,
        "test_model_preparation_time": 0.0044,
        "test_accuracy": 0.6475,
        "test_precision": 0.8968609865470852,
        "test_recall": 0.3333333333333333,
        "test_f1": 0.48602673147023084,
        "test_sensitivity": 0.3333333333333333,
        "test_specificity": 0.9616666666666667,
        "test_runtime": 15.1478,
        "test_samples_per_second": 79.219,
        "test_steps_per_second": 4.951
    },
    "Evaluation for llama3_abstract_without": {
        "test_loss": 0.03646344691514969,
        "test_model_preparation_time": 0.0043,
        "test_accuracy": 0.99,
        "test_precision": 0.9803921568627451,
        "test_recall": 1.0,
        "test_f1": 0.99009900990099,
        "test_sensitivity": 1.0,
        "test_specificity": 0.98,
        "test_runtime": 15.074,
        "test_samples_per_second": 79.607,
        "test_steps_per_second": 4.975
    },
    "Evaluation for cohere_abstract_without": {
        "test_loss": 0.2739565670490265,
        "test_model_preparation_time": 0.0043,
        "test_accuracy": 0.9366666666666666,
        "test_precision": 0.9596491228070175,
        "test_recall": 0.9116666666666666,
        "test_f1": 0.935042735042735,
        "test_sensitivity": 0.9116666666666666,
        "test_specificity": 0.9616666666666667,
        "test_runtime": 15.1179,
        "test_samples_per_second": 79.376,
        "test_steps_per_second": 4.961
    },
    "Evaluation for davinci_abstract_without": {
        "test_loss": 1.0212604999542236,
        "test_model_preparation_time": 0.0042,
        "test_accuracy": 0.8166666666666667,
        "test_precision": 0.9502369668246445,
        "test_recall": 0.6683333333333333,
        "test_f1": 0.7847358121330724,
        "test_sensitivity": 0.6683333333333333,
        "test_specificity": 0.965,
        "test_runtime": 15.0693,
        "test_samples_per_second": 79.632,
        "test_steps_per_second": 4.977
    },
    "Evaluation for flant5_abstract_without": {
        "test_loss": 0.10524096339941025,
        "test_model_preparation_time": 0.0046,
        "test_accuracy": 0.9716666666666667,
        "test_precision": 0.9624183006535948,
        "test_recall": 0.9816666666666667,
        "test_f1": 0.9719471947194721,
        "test_sensitivity": 0.9816666666666667,
        "test_specificity": 0.9616666666666667,
        "test_runtime": 15.0634,
        "test_samples_per_second": 79.663,
        "test_steps_per_second": 4.979
    },
    "Evaluation for llama3_ml_without": {
        "test_loss": 2.5098910331726074,
        "test_model_preparation_time": 0.0043,
        "test_accuracy": 0.5925,
        "test_precision": 0.574496644295302,
        "test_recall": 0.7133333333333334,
        "test_f1": 0.6364312267657993,
        "test_sensitivity": 0.7133333333333334,
        "test_specificity": 0.4716666666666667,
        "test_runtime": 15.0657,
        "test_samples_per_second": 79.651,
        "test_steps_per_second": 4.978
    },
    "Evaluation for bloomz_wiki_without": {
        "test_loss": 1.866239070892334,
        "test_model_preparation_time": 0.0043,
        "test_accuracy": 0.7116666666666667,
        "test_precision": 0.8871951219512195,
        "test_recall": 0.485,
        "test_f1": 0.6271551724137931,
        "test_sensitivity": 0.485,
        "test_specificity": 0.9383333333333334,
        "test_runtime": 15.0903,
        "test_samples_per_second": 79.521,
        "test_steps_per_second": 4.97
    },
    "Evaluation for chatgpt_wiki_without": {
        "test_loss": 1.1262164115905762,
        "test_model_preparation_time": 0.0044,
        "test_accuracy": 0.7904841402337228,
        "test_precision": 0.9554973821989529,
        "test_recall": 0.6093489148580968,
        "test_f1": 0.744138634046891,
        "test_sensitivity": 0.6093489148580968,
        "test_specificity": 0.9716193656093489,
        "test_runtime": 15.0457,
        "test_samples_per_second": 79.624,
        "test_steps_per_second": 4.985
    },
    "Evaluation for cohere_wiki_without": {
        "test_loss": 1.5138853788375854,
        "test_model_preparation_time": 0.0045,
        "test_accuracy": 0.7478632478632479,
        "test_precision": 0.964,
        "test_recall": 0.5149572649572649,
        "test_f1": 0.6713091922005571,
        "test_sensitivity": 0.5149572649572649,
        "test_specificity": 0.9807692307692307,
        "test_runtime": 11.772,
        "test_samples_per_second": 79.511,
        "test_steps_per_second": 5.012
    },
    "Evaluation for davinci_wiki_without": {
        "test_loss": 2.3829545974731445,
        "test_model_preparation_time": 0.0043,
        "test_accuracy": 0.6533333333333333,
        "test_precision": 0.9220183486238532,
        "test_recall": 0.335,
        "test_f1": 0.49144254278728605,
        "test_sensitivity": 0.335,
        "test_specificity": 0.9716666666666667,
        "test_runtime": 15.0741,
        "test_samples_per_second": 79.607,
        "test_steps_per_second": 4.975
    }
}