{
    "Model Type": "bloomz",
    "Task": "trainOnSubset",
    "Training Data": "cohere",
    "Data Type": "abstract",
    "New Line": "without",
    "Log Folder Name": "bloomz_trainOnSubset_eval_2",
    "Title": "bloomz Finetune on cohere with 2% Data and cross-model Evaluation",
    "percentage": 0.02,
    "train": true,
    "log_path": "results/report/bloomz/bloomz_trainOnSubset_eval_2//",
    "Train input path": "data/without_n_preprocessed/arxiv_cohere_train.jsonl",
    "Test input path": "data/without_n_preprocessed/arxiv_cohere_test.jsonl",
    "Validation input path": "data/without_n_preprocessed/arxiv_cohere_validation.jsonl",
    "Human text column name": "human_text",
    "Machine text column name": "machine_text",
    "Validation results": {
        "eval_loss": 0.5622724294662476,
        "eval_accuracy": 0.8458333333333333,
        "eval_precision": 0.9009661835748792,
        "eval_recall": 0.7770833333333333,
        "eval_f1": 0.8344519015659955,
        "eval_sensitivity": 0.7770833333333333,
        "eval_specificity": 0.9145833333333333,
        "eval_runtime": 13.3668,
        "eval_samples_per_second": 71.82,
        "eval_steps_per_second": 8.977,
        "epoch": 3.0
    },
    "Test results": {
        "test_loss": 0.48630112409591675,
        "test_accuracy": 0.8558333333333333,
        "test_precision": 0.9113680154142582,
        "test_recall": 0.7883333333333333,
        "test_f1": 0.8453976764968721,
        "test_sensitivity": 0.7883333333333333,
        "test_specificity": 0.9233333333333333,
        "test_runtime": 16.5291,
        "test_samples_per_second": 72.599,
        "test_steps_per_second": 9.075
    },
    "Evaluation for chatgpt_abstract_without": {
        "test_loss": 0.13426771759986877,
        "test_model_preparation_time": 0.0051,
        "test_accuracy": 0.9608333333333333,
        "test_precision": 0.9286821705426357,
        "test_recall": 0.9983333333333333,
        "test_f1": 0.9622489959839358,
        "test_sensitivity": 0.9983333333333333,
        "test_specificity": 0.9233333333333333,
        "test_runtime": 15.1617,
        "test_samples_per_second": 79.147,
        "test_steps_per_second": 4.947
    },
    "Evaluation for bloomz_abstract_without": {
        "test_loss": 1.503800868988037,
        "test_model_preparation_time": 0.0043,
        "test_accuracy": 0.6458333333333334,
        "test_precision": 0.8277153558052435,
        "test_recall": 0.36833333333333335,
        "test_f1": 0.5098039215686275,
        "test_sensitivity": 0.36833333333333335,
        "test_specificity": 0.9233333333333333,
        "test_runtime": 15.0692,
        "test_samples_per_second": 79.633,
        "test_steps_per_second": 4.977
    },
    "Evaluation for llama3_abstract_without": {
        "test_loss": 0.1358761340379715,
        "test_model_preparation_time": 0.0044,
        "test_accuracy": 0.9616666666666667,
        "test_precision": 0.9301242236024845,
        "test_recall": 0.9983333333333333,
        "test_f1": 0.9630225080385852,
        "test_sensitivity": 0.9983333333333333,
        "test_specificity": 0.925,
        "test_runtime": 15.1056,
        "test_samples_per_second": 79.441,
        "test_steps_per_second": 4.965
    },
    "Evaluation for cohere_abstract_without": {
        "test_loss": 0.48630115389823914,
        "test_model_preparation_time": 0.0044,
        "test_accuracy": 0.8558333333333333,
        "test_precision": 0.9113680154142582,
        "test_recall": 0.7883333333333333,
        "test_f1": 0.8453976764968721,
        "test_sensitivity": 0.7883333333333333,
        "test_specificity": 0.9233333333333333,
        "test_runtime": 15.0619,
        "test_samples_per_second": 79.671,
        "test_steps_per_second": 4.979
    },
    "Evaluation for davinci_abstract_without": {
        "test_loss": 0.7374122142791748,
        "test_model_preparation_time": 0.0042,
        "test_accuracy": 0.7858333333333334,
        "test_precision": 0.8720173535791758,
        "test_recall": 0.67,
        "test_f1": 0.7577756833176249,
        "test_sensitivity": 0.67,
        "test_specificity": 0.9016666666666666,
        "test_runtime": 15.056,
        "test_samples_per_second": 79.702,
        "test_steps_per_second": 4.981
    },
    "Evaluation for flant5_abstract_without": {
        "test_loss": 0.25416046380996704,
        "test_model_preparation_time": 0.0043,
        "test_accuracy": 0.9325,
        "test_precision": 0.9247135842880524,
        "test_recall": 0.9416666666666667,
        "test_f1": 0.9331131296449215,
        "test_sensitivity": 0.9416666666666667,
        "test_specificity": 0.9233333333333333,
        "test_runtime": 15.0625,
        "test_samples_per_second": 79.668,
        "test_steps_per_second": 4.979
    },
    "Evaluation for llama3_ml_without": {
        "test_loss": 0.9273655414581299,
        "test_model_preparation_time": 0.0048,
        "test_accuracy": 0.7241666666666666,
        "test_precision": 0.6717752234993615,
        "test_recall": 0.8766666666666667,
        "test_f1": 0.7606652205350688,
        "test_sensitivity": 0.8766666666666667,
        "test_specificity": 0.5716666666666667,
        "test_runtime": 15.1107,
        "test_samples_per_second": 79.414,
        "test_steps_per_second": 4.963
    },
    "Evaluation for bloomz_wiki_without": {
        "test_loss": 1.5452991724014282,
        "test_model_preparation_time": 0.0041,
        "test_accuracy": 0.6091666666666666,
        "test_precision": 0.758893280632411,
        "test_recall": 0.32,
        "test_f1": 0.4501758499413834,
        "test_sensitivity": 0.32,
        "test_specificity": 0.8983333333333333,
        "test_runtime": 15.0802,
        "test_samples_per_second": 79.574,
        "test_steps_per_second": 4.973
    },
    "Evaluation for chatgpt_wiki_without": {
        "test_loss": 0.3477098345756531,
        "test_model_preparation_time": 0.0044,
        "test_accuracy": 0.8781302170283807,
        "test_precision": 0.9202226345083488,
        "test_recall": 0.8280467445742905,
        "test_f1": 0.8717047451669596,
        "test_sensitivity": 0.8280467445742905,
        "test_specificity": 0.9282136894824707,
        "test_runtime": 15.0693,
        "test_samples_per_second": 79.499,
        "test_steps_per_second": 4.977
    },
    "Evaluation for cohere_wiki_without": {
        "test_loss": 0.8651843070983887,
        "test_model_preparation_time": 0.0042,
        "test_accuracy": 0.7510683760683761,
        "test_precision": 0.9065743944636678,
        "test_recall": 0.5598290598290598,
        "test_f1": 0.69220607661823,
        "test_sensitivity": 0.5598290598290598,
        "test_specificity": 0.9423076923076923,
        "test_runtime": 11.7733,
        "test_samples_per_second": 79.502,
        "test_steps_per_second": 5.011
    },
    "Evaluation for davinci_wiki_without": {
        "test_loss": 0.7858173847198486,
        "test_model_preparation_time": 0.0041,
        "test_accuracy": 0.7725,
        "test_precision": 0.8958837772397095,
        "test_recall": 0.6166666666666667,
        "test_f1": 0.7305034550839091,
        "test_sensitivity": 0.6166666666666667,
        "test_specificity": 0.9283333333333333,
        "test_runtime": 15.1143,
        "test_samples_per_second": 79.395,
        "test_steps_per_second": 4.962
    }
}